{"P":[1.2,1.2,1.2,1.2,1.2,1.2,1.2,1.2,1.2,1.2,1.2,1.2,1.2,1.2,1.2,1.2,0.9952000000000107,0.7452000000000107,0.5,0.7150459437698943,0.95,1.2,1.2,1.2,1.2,1.2,1.2,1.105600000000012,0.855600000000012,0.605600000000012,0.5,0.5,0.75,0.95,1.2,1.2,1.2,1.2,1.0,0.75,0.5,0.5,0.5,0.6150000000000091,0.8650000000000091,1.115000000000009,1.2,1.2,1.2,1.2,1.2,1.2,0.95,0.7,0.5,0.5,0.5,0.5,0.75,0.95,1.2,0.95,0.7452000000000083,0.5,0.5,0.5,0.5,0.7,0.95,1.2,1.2,1.2,1.2,1.2,1.2,1.2,0.95,0.7,0.5,0.5,0.5,0.7452000000000107,0.9952000000000107,1.2,1.2,1.2,1.2,1.2,1.2,1.2,1.2,1.2,1.2,1.2,1.2,1.2,1.2,1.2,1.2,1.2,0.95,0.7,0.5,0.5,0.7452000000000107,0.7452000000000109,0.95,1.115000000000009,1.2,0.95,0.7452000000000107,0.5,0.5,0.5,0.5,0.6150000000000091,0.8650000000000091,1.115000000000009,1.2,1.2,1.2,1.2,1.2,1.2,1.2,1.1454076409208462,1.2,1.2,1.2,1.2,1.2,1.2,1.2,1.2,1.2,1.2,1.2,1.1150000000000002,0.95,1.2,1.2,1.2,1.2,1.2,1.2,1.2,1.2,1.2,1.2,1.2,1.2,1.115,1.1056000000000128,0.8556,1.1056,1.2,1.2,1.2,1.2,1.2,0.95,0.7,0.5,0.5,0.7,0.95,1.2,1.2],"Delta":[-0.25,0.0,0.0,0.0,0.0,0.0,0.0,0.0,0.0,0.0,0.0,0.0,0.0,0.0,0.0,0.0,-0.2047999999999892,-0.25,-0.24520000000001146,0.215045943769895,0.23495405623011678,0.25,0.0,0.0,0.0,0.0,0.0,-0.09439999999998805,-0.25,-0.25,-0.10560000000001202,0.0,0.25,0.2,0.25,0.0,0.0,0.0,-0.2,-0.25,-0.25,0.0,0.0,0.1150000000000091,0.25,0.25,0.08499999999999086,0.0,0.0,0.0,0.0,0.0,-0.25,-0.25,-0.2,0.0,0.0,0.0,0.25,0.2,0.25,-0.25,-0.20479999999999954,-0.2452000000000083,0.0,0.0,0.0,0.2,0.25,0.25,0.0,0.0,0.0,0.0,0.0,0.0,-0.25,-0.25,-0.2,0.0,0.0,0.24520000000001135,0.25,0.2047999999999892,0.0,0.0,0.0,0.0,0.0,0.0,0.0,0.0,0.0,0.0,0.0,0.0,0.0,0.0,0.0,0.0,-0.25,-0.25,-0.2,0.0,0.24520000000001135,0.0,0.2047999999999991,0.16499999999999915,0.08499999999999086,-0.25,-0.2048000000000012,-0.24520000000001146,0.0,0.0,0.0,0.1150000000000091,0.25,0.25,0.08499999999999086,0.0,0.0,0.0,0.0,0.0,0.0,-0.05459235907915372,0.05459235907915372,0.0,0.0,0.0,0.0,0.0,0.0,0.0,0.0,0.0,0.0,-0.08499999999999974,-0.16500000000000026,0.25,0.0,0.0,0.0,0.0,0.0,0.0,0.0,0.0,0.0,0.0,0.0,-0.08499999999999996,-0.009399999999987196,-0.25,0.25,0.09440000000000004,0.0,0.0,0.0,0.0,-0.25,-0.25,-0.2,0.0,0.2,0.25,0.25,0.0],"S":[0.0,0.19548510061199997,0.3909702012240561,0.5864553018360561,0.7819404024480561,0.977425503060056,1.172910603672056,1.368395704284056,1.563880804896056,1.759365905508056,1.954851006120056,2.150336106732056,2.3458212073440556,2.541306307956056,2.736791408568056,2.9322765091800562,3.1277616097920564,3.122500500192067,2.8638300482394268,2.353830048239426,2.064251744230884,2.014061744230884,2.209546844842884,2.4050319454548843,2.6005170460668845,2.7960021466788847,2.991487247290885,3.186972347902885,3.2914490591028964,3.1456218252136163,2.7438616305717085,2.2338616305717087,1.7238616305717085,1.4700974054913885,1.4199074054914005,1.6153925061034005,1.8108776067154004,2.0063627073274004,2.2018478079394566,2.2013579079394567,1.947593682859137,1.437593682859137,0.927593682859137,0.417593682859137,0.025468470891146344,-0.11083556386084448,0.002984766139164652,0.19846986675116463,0.3939549673631646,0.5894400679751646,0.7849251685872207,0.9804102691992207,1.1758953698112207,1.1257053698112207,0.8207050011712207,0.3107050011712207,-0.19929499882877932,-0.7092949988287793,-1.2192949988287793,-1.4730592239090994,-1.5232492239090993,-1.3277641232970918,-1.377954123297084,-1.6366245752497155,-2.1466245752497155,-2.6566245752497153,-3.166624575249715,-3.676624575249715,-3.9816249438897056,-4.031814943889697,-3.8363298432776967,-3.6408447426656965,-3.4453596420536963,-3.249874541441696,-3.054389440829696,-2.858904340217696,-2.66341923960564,-2.7136092396056286,-3.018609608245617,-3.528609608245617,-4.038609608245617,-4.548609608245617,-4.8072800601982575,-4.812541169798247,-4.617056069186191,-4.421570968574191,-4.22608586796219,-4.03060076735019,-3.83511566673819,-3.63963056612619,-3.4441454655141897,-3.2486603649021895,-3.0531752642901893,-2.857690163678133,-2.662205063066133,-2.4667199624541327,-2.2712348618421325,-2.0757497612301323,-1.8802646606181324,-1.6847795600061324,-1.4892944593941324,-1.5394844593941204,-1.8444848280341082,-2.354484828034108,-2.864484828034109,-3.123155279986749,-3.381825731939378,-3.4320157319393783,-3.318195401939378,-3.1227103013273783,-3.1729003013273784,-3.4315707532800186,-3.9415707532800193,-4.451570753280019,-4.961570753280019,-5.471570753280019,-5.863695965248009,-6.0,-5.88617967,-5.690694569388,-5.495209468775999,-5.299724368163999,-5.104239267551999,-4.908754166939999,-4.713269066327999,-4.517783965715998,-4.374749129590669,-4.179264028978669,-3.983778928366669,-3.7882938277546687,-3.5928087271426685,-3.3973236265306683,-3.201838525918668,-3.006353425306668,-2.8108683246946677,-2.6153832240826675,-2.4198981234706114,-2.224413022858611,-2.110592692858611,-2.160782692858611,-1.9652975922466112,-1.7698124916346112,-1.5743273910226112,-1.378842290410555,-1.183357189798499,-0.9878720891864989,-0.792386988574499,-0.596901887962499,-0.401416787350499,-0.20593168673849904,-0.010446586126499069,0.1850385144855009,0.29885884448550093,0.4033355556855138,0.25750832179623384,0.3619850329962472,0.5574701336083033,0.7529552342203033,0.9484403348323033,1.1439254354443031,1.3394105360563031,1.2892205360563032,0.9842201674163031,0.47422016741630313,-0.03577983258369688,-0.3407802012236969,-0.39097020122369686,-0.19548510061169688],"C":5273.9152381541535}